incident_id,expected_match
INC-0777,False
INC-0508,True
INC-0896,False
INC-0923,True
INC-0034,False
INC-0484,True
INC-0086,True
INC-0751,False
INC-0355,False
INC-0524,True
INC-0185,True
INC-0810,False
INC-0419,False
INC-0616,False
INC-0683,True
INC-0502,True
INC-0761,True
INC-0050,False
INC-0733,False
INC-0337,False
INC-0451,False
INC-0791,False
INC-0351,False
INC-0468,True
INC-0623,True
INC-0477,False
INC-0615,False
INC-0555,False
INC-0366,True
INC-0771,False
INC-0631,False
INC-0941,True
INC-0798,False
INC-0497,False
INC-0925,True
INC-0370,False
INC-0597,False
INC-0721,True
INC-0054,False
INC-0427,True
INC-0057,False
INC-0265,True
INC-0773,False
INC-0186,True
INC-0467,True
INC-0790,False
INC-0175,False
INC-0151,False
INC-0742,True
INC-0114,False
INC-0429,False
INC-0966,True
INC-0019,False
INC-0190,False
INC-0415,False
INC-0590,False
INC-0667,True
INC-0764,True
INC-0222,True
INC-0587,True
INC-0582,True
INC-0300,False
INC-0639,False
INC-0387,True
INC-0365,True
INC-0880,False
INC-0335,False
INC-0017,False
INC-0203,True
INC-0002,True
INC-0039,False
INC-0291,False
INC-0494,False
INC-0248,True
INC-0507,True
INC-0897,False
INC-0714,False
INC-0892,False
INC-0077,False
INC-0912,False
INC-0793,False
INC-0509,False
INC-0178,False
INC-0843,True
INC-0201,True
INC-0766,True
INC-0910,False
INC-0294,False
INC-0539,False
INC-0025,True
INC-0695,False
INC-0211,False
INC-0425,True
INC-0529,False
INC-0035,False
INC-0929,False
INC-0399,False
INC-0608,True
INC-0299,False
INC-0849,False
INC-0669,False
INC-0283,True
INC-0940,False
INC-0945,True
INC-0607,True
INC-0960,False
INC-0935,False
INC-0732,False
INC-0288,True
INC-0528,True
INC-0808,True
INC-0230,False
INC-0437,False
INC-0029,False
INC-0375,False
INC-0820,False
INC-0317,False
INC-0561,True
INC-0242,True
INC-0150,False
INC-0517,False
INC-0418,False
INC-0661,True
INC-0199,False
INC-0586,True
INC-0326,True
INC-0824,True
INC-0703,True
INC-0950,False
INC-0516,False
INC-0865,True
INC-0837,False
INC-0878,False
INC-0360,False
INC-0595,False
INC-0789,False
INC-0189,False
INC-0067,True
INC-0356,False
INC-0800,False
INC-0903,True
INC-0921,True
INC-0943,True
INC-0331,False
INC-0728,True
INC-0397,False
INC-0464,True
INC-0394,False
INC-0312,False
INC-0681,True
INC-0745,True
INC-0922,True
INC-0462,True
INC-0523,True
INC-0632,False
INC-0491,False
INC-0196,False
INC-0257,False
INC-0694,False
INC-0741,True
INC-0578,False
INC-0158,False
INC-0613,False
INC-0393,False
INC-0970,False
INC-0689,False
INC-0362,True
INC-0817,False
INC-0402,True
INC-0093,False
INC-0918,False
INC-0490,False
INC-0452,False
INC-0252,False
INC-0654,False
INC-0770,False
INC-0671,False
INC-0130,False
INC-0638,False
INC-0992,False
INC-0343,True
INC-0309,False
INC-0137,False
INC-0089,False
INC-0328,True
INC-0476,False
INC-0982,True
INC-0851,False
INC-0893,False
INC-0376,False
INC-0179,False
INC-0027,True
INC-0350,False
INC-0500,False
INC-0475,False
INC-0618,False
INC-0698,False
INC-0051,False
INC-0212,False
INC-0382,True
INC-0884,True
INC-0174,False
INC-0148,True
INC-0420,False
INC-0962,True
INC-0149,False
INC-0976,False
INC-0080,False
INC-0776,False
INC-0303,True
INC-0996,False
INC-0526,True
INC-0775,False
INC-0232,False
INC-0626,True
INC-0801,True
INC-0562,True
INC-0510,False
INC-0841,True
INC-0495,False
INC-0120,False
INC-0478,False
INC-0145,True
INC-0030,False
INC-0911,False
INC-0122,True
INC-0606,True
INC-0062,True
INC-0872,False
INC-0573,False
INC-0006,True
INC-0927,True
INC-0640,False
INC-0440,False
INC-0730,False
INC-0194,False
INC-0753,False
INC-0627,True
INC-0572,False
INC-0018,False
INC-0743,True
INC-0915,False
INC-0511,False
INC-0574,False
INC-0139,False
INC-0192,False
INC-0005,True
INC-0444,True
INC-0021,True
INC-0214,False
INC-0065,True
INC-0412,False
INC-0302,True
INC-0334,False
INC-0193,False
INC-0665,True
INC-0263,True
INC-0648,True
INC-0811,False
INC-0233,False
INC-0796,False
INC-0682,True
INC-0805,True
INC-0483,True
INC-0361,True
INC-0839,False
INC-0237,False
INC-0628,True
INC-0958,False
INC-0583,True
INC-0273,False
INC-0202,True
INC-0014,False
INC-0428,True
INC-0240,False
INC-0085,True
INC-0533,False
INC-0173,False
INC-0290,False
INC-0486,True
INC-0330,False
INC-0684,True
INC-0319,False
INC-0455,False
INC-0250,False
INC-0847,True
INC-0280,False
INC-0456,False
INC-0902,True
INC-0762,True
INC-0548,True
INC-0181,True
INC-0558,False
INC-0629,False
INC-0424,True
INC-0844,True
INC-0011,False
INC-0200,False
INC-0426,True
INC-0535,False
INC-0032,False
INC-0580,False
INC-0405,True
INC-0278,False
INC-0445,True
INC-0772,False
INC-0373,False
INC-0723,True
INC-0401,True
INC-0079,False
INC-0538,False
INC-0576,False
INC-0549,False
INC-0711,False
INC-0042,True
INC-0886,True
INC-0633,False
INC-0859,False
INC-0140,False
INC-0386,True
INC-0457,False
INC-0933,False
INC-0814,False
INC-0141,True
INC-0625,True
INC-0321,True
INC-0709,False
INC-0458,False
INC-0874,False
INC-0327,True
INC-0127,True
INC-0133,False
INC-0818,False
INC-0398,False
INC-0916,False
INC-0994,False
INC-0416,False
INC-0596,False
INC-0259,False
INC-0314,False
INC-0410,False
INC-0163,True
INC-0305,True
INC-0287,True
INC-0645,True
INC-0636,False
INC-0354,False
INC-0069,False
INC-0679,False
INC-0834,False
INC-0936,False
INC-0680,False
INC-0720,False
INC-0238,False
INC-0266,True
INC-0091,False
INC-0836,False
INC-0863,True
INC-0055,False
INC-0658,False
INC-0944,True
INC-0407,True
INC-0381,True
INC-0125,True
INC-0492,False
INC-0803,True
INC-0901,True
INC-0431,False
INC-0946,True
INC-0704,True
INC-0295,False
INC-0879,False
INC-0213,False
INC-0919,False
INC-0038,False
INC-0861,True
INC-0899,False
INC-0126,True
INC-0024,True
INC-0840,False
INC-0977,False
INC-0102,True
INC-0116,False
INC-0436,False
INC-0951,False
INC-0121,True
INC-0385,True
INC-0048,True
INC-0172,False
INC-0318,False
INC-0325,True
INC-0881,True
INC-0264,True
INC-0146,True
INC-0044,True
INC-0505,True
INC-0087,True
INC-0377,False
INC-0531,False
INC-0985,True
INC-0852,False
INC-0346,True
INC-0404,True
INC-0227,True
INC-0988,True
INC-0165,True
INC-0336,False
INC-0601,True
INC-0917,False
INC-0473,False
INC-0448,True
INC-0108,True
INC-0857,False
INC-0156,False
INC-0459,False
INC-0281,True
INC-0208,True
INC-0155,False
INC-0588,True
INC-0758,False
INC-0986,True
INC-0384,True
INC-0802,True
INC-0649,False
INC-0807,True
INC-0537,False
INC-0504,True
INC-0738,False
INC-0560,False
INC-0545,True
INC-0357,False
INC-0207,True
INC-0889,False
INC-0612,False
INC-0712,False
INC-0532,False
INC-0260,False
INC-0154,False
INC-0853,False
INC-0064,True
INC-0435,False
INC-0340,False
INC-0514,False
INC-0749,False
INC-0488,True
INC-0525,True
INC-0894,False
INC-0953,False
INC-0187,True
INC-0674,False
INC-0344,True
INC-0378,False
INC-0904,True
INC-0369,False
INC-0569,False
INC-0276,False
INC-0691,False
INC-0267,True
INC-0783,True
INC-0938,False
INC-0534,False
INC-0023,True
INC-0543,True
INC-0098,False
INC-0296,False
INC-0461,True
INC-0198,False
INC-0708,True
INC-0262,True
INC-0311,False
INC-0980,False
INC-0161,True
INC-0403,True
INC-0540,False
INC-0177,False
INC-0727,True
INC-0794,False
INC-0819,False
INC-0779,False
INC-0757,False
INC-0298,False
INC-0092,False
INC-0930,False
INC-0450,False
INC-0646,True
INC-0015,False
INC-0481,True
INC-0997,False
INC-0869,False
INC-0432,False
INC-0696,False
INC-0503,True
INC-0261,True
INC-0329,False
INC-0180,False
INC-0565,True
INC-0396,False
INC-0496,False
INC-0036,False
INC-0443,True
INC-0928,True
INC-0660,False
INC-0637,False
INC-0099,False
INC-0338,False
INC-0013,False
INC-0685,True
INC-0117,False
INC-0447,True
INC-0408,True
INC-0816,False
INC-0313,False
INC-0359,False
INC-0472,False
INC-0205,True
INC-0228,True
INC-0482,True
INC-0040,False
INC-0392,False
INC-0111,False
INC-0833,False
INC-0813,False
INC-0963,True
INC-0422,True
INC-0341,True
INC-0184,True
INC-0998,False
INC-0423,True
INC-0182,True
INC-0905,True
INC-0862,True
INC-0650,False
INC-0746,True
INC-0701,True
INC-0106,True
INC-0920,False
INC-0652,False
INC-0367,True
INC-0620,False
INC-0906,True
INC-0316,False
INC-0043,True
INC-0131,False
INC-0441,True
INC-0152,False
INC-0589,False
INC-0037,False
INC-0153,False
INC-0677,False
INC-0961,True
INC-0602,True
INC-0438,False
INC-0453,False
INC-0786,True
INC-0269,False
INC-0134,False
INC-0342,True
INC-0804,True
INC-0046,True
INC-0284,True
INC-0653,False
INC-0949,False
INC-0053,False
INC-0822,True
INC-0780,False
INC-0978,False
INC-0600,False
INC-0209,False
INC-0352,False
INC-0216,False
INC-0289,False
INC-0279,False
INC-0954,False
INC-0821,True
INC-0110,False
INC-0119,False
INC-0942,True
INC-0138,False
INC-0107,True
INC-0307,True
INC-0973,False
INC-0009,False
INC-0823,True
INC-0310,False
INC-0557,False
INC-0744,True
INC-0635,False
INC-0292,False
INC-0379,False
INC-0890,False
INC-0630,False
INC-0358,False
INC-0713,False
INC-0621,True
INC-0519,False
INC-0663,True
INC-0551,False
INC-0076,False
INC-0103,True
INC-0577,False
INC-0858,False
INC-0010,False
INC-0075,False
INC-0952,False
INC-0469,False
INC-0308,True
INC-0135,False
INC-0860,False
INC-0885,True
INC-0245,True
INC-0642,True
INC-0210,False
INC-0268,True
INC-0871,False
INC-0536,False
INC-0579,False
INC-0846,True
INC-0969,False
INC-0084,True
INC-0041,True
INC-0609,False
INC-0593,False
INC-0854,False
INC-0584,True
INC-0123,True
INC-0414,False
INC-0241,True
INC-0724,True
INC-0610,False
INC-0767,True
INC-0191,False
INC-0083,True
INC-0521,True
INC-0877,False
INC-0806,True
INC-0784,True
INC-0515,False
INC-0489,False
INC-0848,True
INC-0673,False
INC-0059,False
INC-0322,True
INC-0692,False
INC-0556,False
INC-0594,False
INC-0838,False
INC-0223,True
INC-0304,True
INC-0717,False
INC-0159,False
INC-0499,False
INC-0570,False
INC-0898,False
INC-0293,False
INC-0466,True
INC-0989,False
INC-0400,False
INC-0003,True
INC-0887,True
INC-0169,False
INC-0726,True
INC-0870,False
INC-0219,False
INC-0493,False
INC-0716,False
INC-0752,False
INC-0171,False
INC-0243,True
INC-0981,True
INC-0016,False
INC-0554,False
INC-0668,True
INC-0052,False
INC-0990,False
INC-0564,True
INC-0454,False
INC-0078,False
INC-0256,False
INC-0913,False
INC-0718,False
INC-0188,True
INC-0830,False
INC-0144,True
INC-0967,True
INC-0815,False
INC-0706,True
INC-0924,True
INC-0255,False
INC-0112,False
INC-0348,True
INC-0413,False
INC-0063,True
INC-0101,True
INC-0662,True
INC-0670,False
INC-0690,False
INC-0056,False
INC-0479,False
INC-0421,True
INC-0756,False
INC-0363,True
INC-0442,True
INC-0675,False
INC-0947,True
INC-0097,False
INC-0195,False
INC-0417,False
INC-0710,False
INC-0249,False
INC-0485,True
INC-0591,False
INC-0585,True
INC-0136,False
INC-0754,False
INC-0220,False
INC-0768,True
INC-0686,True
INC-0286,True
INC-0244,True
INC-0527,True
INC-0729,False
INC-0339,False
INC-0873,False
INC-0070,False
INC-0875,False
INC-0061,True
INC-0647,True
INC-0725,True
INC-0073,False
INC-0008,True
INC-0968,True
INC-0735,False
INC-0236,False
INC-0568,True
INC-0603,True
INC-0022,True
INC-0347,True
INC-0828,True
INC-0231,False
INC-0254,False
INC-0124,True
INC-0463,True
INC-0530,False
INC-0449,False
INC-0832,False
INC-0972,False
INC-0688,True
INC-0845,True
INC-0320,False
INC-0731,False
INC-0206,True
INC-0707,True
INC-0939,False
INC-0785,True
INC-0867,True
INC-0434,False
INC-0622,True
INC-0541,True
INC-0856,False
INC-0170,False
INC-0563,True
INC-0487,True
INC-0676,False
INC-0132,False
INC-0129,False
INC-0546,True
INC-0071,False
INC-0498,False
INC-0750,False
INC-0088,True
INC-0934,False
INC-0866,True
INC-0247,True
INC-0060,False
INC-0246,True
INC-0315,False
INC-0372,False
INC-0809,False
INC-0020,False
INC-0501,True
INC-0332,False
INC-0614,False
INC-0001,True
INC-0544,True
INC-0553,False
INC-0166,True
INC-0799,False
INC-0383,True
INC-0835,False
INC-0974,False
INC-0895,False
INC-0797,False
INC-1000,False
INC-0306,True
INC-0641,True
INC-0109,False
INC-0520,False
INC-0183,True
INC-0781,True
INC-0513,False
INC-0931,False
INC-0737,False
INC-0740,False
INC-0004,True
INC-0909,False
INC-0162,True
INC-0446,True
INC-0932,False
INC-0999,False
INC-0956,False
INC-0657,False
INC-0788,True
INC-0900,False
INC-0769,False
INC-0937,False
INC-0699,False
INC-0118,False
INC-0739,False
INC-0831,False
INC-0012,False
INC-0567,True
INC-0258,False
INC-0542,True
INC-0480,False
INC-0964,True
INC-0391,False
INC-0395,False
INC-0066,True
INC-0611,False
INC-0957,False
INC-0697,False
INC-0812,False
INC-0959,False
INC-0643,True
INC-0157,False
INC-0113,False
INC-0049,False
INC-0774,False
INC-0094,False
INC-0506,True
INC-0522,True
INC-0142,True
INC-0882,True
INC-0926,True
INC-0409,False
INC-0598,False
INC-0439,False
INC-0599,False
INC-0765,True
INC-0270,False
INC-0552,False
INC-0975,False
INC-0763,True
INC-0253,False
INC-0993,False
INC-0272,False
INC-0147,True
INC-0470,False
INC-0659,False
INC-0406,True
INC-0512,False
INC-0672,False
INC-0218,False
INC-0323,True
INC-0736,False
INC-0581,True
INC-0217,False
INC-0068,True
INC-0275,False
INC-0411,False
INC-0324,True
INC-0825,True
INC-0983,True
INC-0842,True
INC-0235,False
INC-0058,False
INC-0795,False
INC-0787,True
INC-0864,True
INC-0333,False
INC-0702,True
INC-0225,True
INC-0571,False
INC-0705,True
INC-0656,False
INC-0277,False
INC-0389,False
INC-0474,False
INC-0168,True
INC-0995,False
INC-0747,True
INC-0547,True
INC-0176,False
INC-0908,True
INC-0624,True
INC-0074,False
INC-0664,True
INC-0700,False
INC-0971,False
INC-0274,False
INC-0687,True
INC-0215,False
INC-0364,True
INC-0380,False
INC-0167,True
INC-0374,False
INC-0855,False
INC-0651,False
INC-0465,True
INC-0955,False
INC-0948,True
INC-0104,True
INC-0888,True
INC-0979,False
INC-0876,False
INC-0082,True
INC-0297,False
INC-0792,False
INC-0234,False
INC-0678,False
INC-0047,True
INC-0072,False
INC-0722,True
INC-0197,False
INC-0592,False
INC-0371,False
INC-0883,True
INC-0907,True
INC-0634,False
INC-0644,True
INC-0850,False
INC-0301,True
INC-0566,True
INC-0081,True
INC-0388,True
INC-0128,True
INC-0550,False
INC-0471,False
INC-0748,True
INC-0045,True
INC-0827,True
INC-0271,False
INC-0619,False
INC-0353,False
INC-0868,True
INC-0368,True
INC-0100,False
INC-0390,False
INC-0095,False
INC-0991,False
INC-0345,True
INC-0782,True
INC-0221,True
INC-0160,False
INC-0965,True
INC-0349,False
INC-0984,True
INC-0715,False
INC-0164,True
INC-0826,True
INC-0778,False
INC-0007,True
INC-0891,False
INC-0829,False
INC-0285,True
INC-0604,True
INC-0460,False
INC-0226,True
INC-0430,False
INC-0987,True
INC-0719,False
INC-0666,True
INC-0734,False
INC-0204,True
INC-0575,False
INC-0028,True
INC-0617,False
INC-0518,False
INC-0239,False
INC-0224,True
INC-0096,False
INC-0031,False
INC-0033,False
INC-0433,False
INC-0605,True
INC-0090,False
INC-0559,False
INC-0914,False
INC-0759,False
INC-0693,False
INC-0105,True
INC-0755,False
INC-0143,True
INC-0229,False
INC-0251,False
INC-0282,True
INC-0760,False
INC-0026,True
INC-0115,False
INC-0655,False
